{
  "loss": [
    0.3645745813846588,
    0.3640098571777344,
    0.3635695278644562,
    0.3643444776535034,
    0.3622916042804718,
    0.3625200092792511,
    0.36227118968963623,
    0.36234912276268005,
    0.36067643761634827,
    0.3619433641433716,
    0.3613261580467224,
    0.36115750670433044
  ],
  "val_loss": [
    0.3665068447589874,
    0.36553820967674255,
    0.3667759299278259,
    0.36449897289276123,
    0.36351722478866577,
    0.3646668791770935,
    0.363198459148407,
    0.36337172985076904,
    0.3645346760749817,
    0.36203116178512573,
    0.36119696497917175,
    0.3621082305908203
  ]
}