{
  "loss": [
    0.35483574867248535,
    0.35368070006370544,
    0.354999840259552,
    0.3537789285182953,
    0.3532755374908447,
    0.3514143228530884,
    0.352360337972641,
    0.35123777389526367,
    0.35167235136032104,
    0.35157081484794617,
    0.351121187210083
  ],
  "val_loss": [
    0.42810407280921936,
    0.4284932315349579,
    0.4206448197364807,
    0.42032477259635925,
    0.419779896736145,
    0.4182204008102417,
    0.4170979857444763,
    0.40953099727630615,
    0.4132902920246124,
    0.4160885512828827,
    0.41570109128952026
  ]
}