{
  "loss": [
    0.3302556872367859,
    0.32873472571372986,
    0.3284938633441925,
    0.3284381330013275,
    0.3275042772293091,
    0.3261958360671997,
    0.3256147503852844,
    0.32642754912376404,
    0.32511448860168457,
    0.32532674074172974,
    0.3239268660545349,
    0.32697972655296326
  ],
  "val_loss": [
    0.5427138805389404,
    0.5385780930519104,
    0.5367069840431213,
    0.5358570218086243,
    0.5347940921783447,
    0.5341809391975403,
    0.5320889949798584,
    0.5296514630317688,
    0.5289278626441956,
    0.5287202000617981,
    0.5276482105255127,
    0.5388164520263672
  ]
}