{
  "loss": [
    0.34071919322013855,
    0.3405705988407135,
    0.3398219347000122,
    0.3383146822452545
  ],
  "val_loss": [
    0.32173916697502136,
    0.3241134583950043,
    0.3275377154350281,
    0.32882753014564514
  ]
}