{
  "loss": [
    0.34826502203941345,
    0.34628990292549133,
    0.3467490077018738,
    0.34592297673225403,
    0.3459800183773041,
    0.34600797295570374,
    0.3466697931289673,
    0.34656864404678345,
    0.34601613879203796,
    0.3454059362411499,
    0.34582754969596863,
    0.34551510214805603
  ],
  "val_loss": [
    0.16557280719280243,
    0.16420213878154755,
    0.16294056177139282,
    0.16285480558872223,
    0.1613112986087799,
    0.16101108491420746,
    0.16052643954753876,
    0.16021881997585297,
    0.15952102839946747,
    0.15982720255851746,
    0.1593712866306305,
    0.16020122170448303
  ]
}