{
  "loss": [
    0.3739055097103119,
    0.3722231984138489,
    0.37211060523986816,
    0.37237510085105896,
    0.3712840974330902,
    0.3722379207611084,
    0.3712015151977539,
    0.3715623915195465,
    0.37044158577919006,
    0.3707156479358673,
    0.3709712624549866,
    0.3702070415019989
  ],
  "val_loss": [
    0.3273952901363373,
    0.3251623809337616,
    0.3244918882846832,
    0.3250839114189148,
    0.3238735795021057,
    0.32392725348472595,
    0.32396984100341797,
    0.3229859173297882,
    0.3230217695236206,
    0.32245999574661255,
    0.3231191337108612,
    0.3241574466228485
  ]
}