{
  "loss": [
    0.3719053268432617,
    0.3701555132865906,
    0.36981406807899475,
    0.37011823058128357,
    0.36904585361480713
  ],
  "val_loss": [
    0.42918041348457336,
    0.42788809537887573,
    0.42904478311538696,
    0.4290500581264496,
    0.42799806594848633
  ]
}