{
  "loss": [
    0.3660919666290283,
    0.36369842290878296,
    0.363308310508728,
    0.3625340461730957
  ],
  "val_loss": [
    0.2165798544883728,
    0.21725855767726898,
    0.21773117780685425,
    0.21808885037899017
  ]
}