{
  "loss": [
    0.3657672703266144,
    0.3643401563167572,
    0.3643248975276947,
    0.36431723833084106
  ],
  "val_loss": [
    0.12381825596094131,
    0.12479512393474579,
    0.12523716688156128,
    0.12548016011714935
  ]
}