{
  "loss": [
    0.34086835384368896,
    0.340214341878891,
    0.33964571356773376,
    0.3402167558670044,
    0.3396212160587311,
    0.33942440152168274,
    0.3387404680252075,
    0.3387034833431244,
    0.33791109919548035,
    0.3361300230026245
  ],
  "val_loss": [
    0.10220049321651459,
    0.10097749531269073,
    0.10026725381612778,
    0.10004126280546188,
    0.10016608983278275,
    0.09993297606706619,
    0.09909100085496902,
    0.09915994107723236,
    0.09981269389390945,
    0.0997224673628807
  ]
}