{
  "loss": [
    0.39454323053359985,
    0.3921286463737488,
    0.3907458484172821,
    0.39103710651397705,
    0.3900698125362396,
    0.39000439643859863,
    0.38957658410072327,
    0.3884134590625763,
    0.38882797956466675
  ],
  "val_loss": [
    0.31362661719322205,
    0.3104916214942932,
    0.3081721067428589,
    0.30744653940200806,
    0.3078724145889282,
    0.30674973130226135,
    0.3094831705093384,
    0.31049206852912903,
    0.31124940514564514
  ]
}