{
  "loss": [
    0.35319387912750244,
    0.3516382575035095,
    0.3516688644886017,
    0.3510063886642456,
    0.3499232530593872,
    0.34916165471076965,
    0.3499101996421814,
    0.34998413920402527,
    0.34887951612472534,
    0.34911829233169556,
    0.34878450632095337
  ],
  "val_loss": [
    0.23256371915340424,
    0.23289862275123596,
    0.23250840604305267,
    0.2320662885904312,
    0.23157137632369995,
    0.23093627393245697,
    0.2308627963066101,
    0.23050665855407715,
    0.23086033761501312,
    0.2316075712442398,
    0.2319527268409729
  ]
}