{
  "loss": [
    0.321920782327652,
    0.3204113245010376,
    0.3205568194389343,
    0.31935054063796997,
    0.3197025656700134,
    0.31903496384620667,
    0.3194468915462494,
    0.31786954402923584,
    0.31765079498291016,
    0.31808072328567505,
    0.31692638993263245
  ],
  "val_loss": [
    0.16725151240825653,
    0.1676967442035675,
    0.1670253723859787,
    0.16677115857601166,
    0.16626013815402985,
    0.16572509706020355,
    0.1658630073070526,
    0.16566337645053864,
    0.1660013645887375,
    0.16584664583206177,
    0.1658620983362198
  ]
}