{
  "loss": [
    0.4009445011615753,
    0.39852240681648254,
    0.39732009172439575,
    0.39809274673461914,
    0.3963101804256439,
    0.3967975378036499,
    0.39769446849823,
    0.39455851912498474
  ],
  "val_loss": [
    0.3545985221862793,
    0.3511747121810913,
    0.3505672514438629,
    0.34914347529411316,
    0.34868094325065613,
    0.3487281799316406,
    0.3505755662918091,
    0.35112884640693665
  ]
}