{
  "loss": [
    0.2785623371601105,
    0.27753299474716187,
    0.2762918472290039,
    0.2771793007850647
  ],
  "val_loss": [
    0.12205056846141815,
    0.12216785550117493,
    0.12214399874210358,
    0.12257026135921478
  ]
}