{
  "loss": [
    0.3975871801376343,
    0.39717891812324524,
    0.3965422809123993,
    0.39743679761886597,
    0.3946199417114258,
    0.39605140686035156,
    0.39546990394592285
  ],
  "val_loss": [
    0.3502942621707916,
    0.350076824426651,
    0.3489567041397095,
    0.34890034794807434,
    0.3504534065723419,
    0.35181528329849243,
    0.3520441949367523
  ]
}