{
  "loss": [
    0.37017083168029785,
    0.3705142140388489,
    0.3697444796562195,
    0.368546724319458,
    0.36944380402565,
    0.36820268630981445,
    0.3677965998649597,
    0.3682498037815094,
    0.3665643036365509,
    0.36788466572761536,
    0.367197185754776,
    0.36651548743247986
  ],
  "val_loss": [
    0.13007797300815582,
    0.13054628670215607,
    0.12983977794647217,
    0.1301351934671402,
    0.13004544377326965,
    0.12981949746608734,
    0.129588782787323,
    0.12926732003688812,
    0.12914136052131653,
    0.12917280197143555,
    0.12942609190940857,
    0.12946957349777222
  ]
}