{
  "loss": [
    0.32476717233657837,
    0.32298901677131653,
    0.32123875617980957,
    0.32244759798049927,
    0.32233887910842896,
    0.32057660818099976
  ],
  "val_loss": [
    0.2569302022457123,
    0.2557379901409149,
    0.2553795576095581,
    0.25644272565841675,
    0.2561684548854828,
    0.25617536902427673
  ]
}